"filename", "language", "Shell Script", "YAML", "JavaScript", "SQL", "Markdown", "JSON", "Docker", "JSON with Comments", "Ignore", "TypeScript", "JavaScript React", "Properties", "HTML", "CSS", "comment", "blank", "total"
"/mnt/popOS/home/harpop/Projects/Projetos Back-End/sd-022-b-trybe-futebol-clube/.github/workflows/main.yml", "YAML", 0, 100, 0, 0, 0, 0, 0, 0, 0, 0, 0, 0, 0, 0, 0, 18, 118
"/mnt/popOS/home/harpop/Projects/Projetos Back-End/sd-022-b-trybe-futebol-clube/.trybe/requirements.json", "JSON", 0, 0, 0, 0, 0, 284, 0, 0, 0, 0, 0, 0, 0, 0, 0, 0, 284
"/mnt/popOS/home/harpop/Projects/Projetos Back-End/sd-022-b-trybe-futebol-clube/README.md", "Markdown", 0, 0, 0, 0, 2161, 0, 0, 0, 0, 0, 0, 0, 0, 0, 0, 360, 2521
"/mnt/popOS/home/harpop/Projects/Projetos Back-End/sd-022-b-trybe-futebol-clube/__tests__/E2E/00_coverage_tests.test.js", "JavaScript", 0, 0, 69, 0, 0, 0, 0, 0, 0, 0, 0, 0, 0, 0, 0, 13, 82
"/mnt/popOS/home/harpop/Projects/Projetos Back-End/sd-022-b-trybe-futebol-clube/__tests__/E2E/01_database.test.js", "JavaScript", 0, 0, 30, 0, 0, 0, 0, 0, 0, 0, 0, 0, 0, 0, 0, 7, 37
"/mnt/popOS/home/harpop/Projects/Projetos Back-End/sd-022-b-trybe-futebol-clube/__tests__/E2E/02_login_validate.test.js", "JavaScript", 0, 0, 162, 0, 0, 0, 0, 0, 0, 0, 0, 0, 0, 0, 0, 51, 213
"/mnt/popOS/home/harpop/Projects/Projetos Back-End/sd-022-b-trybe-futebol-clube/__tests__/E2E/03_findTeams.test.js", "JavaScript", 0, 0, 116, 0, 0, 0, 0, 0, 0, 0, 0, 0, 0, 0, 0, 12, 128
"/mnt/popOS/home/harpop/Projects/Projetos Back-End/sd-022-b-trybe-futebol-clube/__tests__/E2E/04_resultMatches.test.js", "JavaScript", 0, 0, 51, 0, 0, 0, 0, 0, 0, 0, 0, 0, 0, 0, 0, 21, 72
"/mnt/popOS/home/harpop/Projects/Projetos Back-End/sd-022-b-trybe-futebol-clube/__tests__/E2E/05_insertMatches.test.js", "JavaScript", 0, 0, 144, 0, 0, 0, 0, 0, 0, 0, 0, 0, 0, 0, 0, 32, 176
"/mnt/popOS/home/harpop/Projects/Projetos Back-End/sd-022-b-trybe-futebol-clube/__tests__/E2E/06_editMatches.test.js", "JavaScript", 0, 0, 66, 0, 0, 0, 0, 0, 0, 0, 0, 0, 0, 0, 0, 24, 90
"/mnt/popOS/home/harpop/Projects/Projetos Back-End/sd-022-b-trybe-futebol-clube/__tests__/E2E/07_leaderboard_home.test.js", "JavaScript", 0, 0, 56, 0, 0, 0, 0, 0, 0, 0, 0, 0, 0, 0, 0, 11, 67
"/mnt/popOS/home/harpop/Projects/Projetos Back-End/sd-022-b-trybe-futebol-clube/__tests__/E2E/08_leaderboard_away.test.js", "JavaScript", 0, 0, 54, 0, 0, 0, 0, 0, 0, 0, 0, 0, 0, 0, 0, 15, 69
"/mnt/popOS/home/harpop/Projects/Projetos Back-End/sd-022-b-trybe-futebol-clube/__tests__/E2E/09_leaderboard_table.test.js", "JavaScript", 0, 0, 72, 0, 0, 0, 0, 0, 0, 0, 0, 0, 0, 0, 0, 19, 91
"/mnt/popOS/home/harpop/Projects/Projetos Back-End/sd-022-b-trybe-futebol-clube/__tests__/config/constants.js", "JavaScript", 0, 0, 39, 0, 0, 0, 0, 0, 0, 0, 0, 0, 0, 0, 0, 2, 41
"/mnt/popOS/home/harpop/Projects/Projetos Back-End/sd-022-b-trybe-futebol-clube/__tests__/config/puppeteer.js", "JavaScript", 0, 0, 39, 0, 0, 0, 0, 0, 0, 0, 0, 0, 0, 0, 0, 11, 50
"/mnt/popOS/home/harpop/Projects/Projetos Back-End/sd-022-b-trybe-futebol-clube/__tests__/config/sequelize.js", "JavaScript", 0, 0, 32, 0, 0, 0, 0, 0, 0, 0, 0, 0, 0, 0, 0, 11, 43
"/mnt/popOS/home/harpop/Projects/Projetos Back-End/sd-022-b-trybe-futebol-clube/__tests__/config/sequencer.js", "JavaScript", 0, 0, 8, 0, 0, 0, 0, 0, 0, 0, 0, 0, 0, 0, 0, 3, 11
"/mnt/popOS/home/harpop/Projects/Projetos Back-End/sd-022-b-trybe-futebol-clube/__tests__/entities/leaderboard/awayResult.js", "JavaScript", 0, 0, 390, 0, 0, 0, 0, 0, 0, 0, 0, 0, 0, 0, 0, 1, 391
"/mnt/popOS/home/harpop/Projects/Projetos Back-End/sd-022-b-trybe-futebol-clube/__tests__/entities/leaderboard/homeResult.js", "JavaScript", 0, 0, 390, 0, 0, 0, 0, 0, 0, 0, 0, 0, 0, 0, 0, 0, 390
"/mnt/popOS/home/harpop/Projects/Projetos Back-End/sd-022-b-trybe-futebol-clube/__tests__/entities/leaderboard/index.js", "JavaScript", 0, 0, 8, 0, 0, 0, 0, 0, 0, 0, 0, 0, 0, 0, 0, 2, 10
"/mnt/popOS/home/harpop/Projects/Projetos Back-End/sd-022-b-trybe-futebol-clube/__tests__/entities/leaderboard/state01.js", "JavaScript", 0, 0, 195, 0, 0, 0, 0, 0, 0, 0, 0, 0, 0, 0, 0, 2, 197
"/mnt/popOS/home/harpop/Projects/Projetos Back-End/sd-022-b-trybe-futebol-clube/__tests__/entities/leaderboard/state02.js", "JavaScript", 0, 0, 195, 0, 0, 0, 0, 0, 0, 0, 0, 0, 0, 0, 0, 2, 197
"/mnt/popOS/home/harpop/Projects/Projetos Back-End/sd-022-b-trybe-futebol-clube/__tests__/entities/leaderboard/state03.js", "JavaScript", 0, 0, 195, 0, 0, 0, 0, 0, 0, 0, 0, 0, 0, 0, 0, 1, 196
"/mnt/popOS/home/harpop/Projects/Projetos Back-End/sd-022-b-trybe-futebol-clube/__tests__/entities/matches/allMatches.js", "JavaScript", 0, 0, 387, 0, 0, 0, 0, 0, 0, 0, 0, 0, 0, 0, 0, 2, 389
"/mnt/popOS/home/harpop/Projects/Projetos Back-End/sd-022-b-trybe-futebol-clube/__tests__/entities/matches/index.js", "JavaScript", 0, 0, 8, 0, 0, 0, 0, 0, 0, 0, 0, 0, 0, 0, 0, 2, 10
"/mnt/popOS/home/harpop/Projects/Projetos Back-End/sd-022-b-trybe-futebol-clube/__tests__/entities/matches/onlyFinished.js", "JavaScript", 0, 0, 323, 0, 0, 0, 0, 0, 0, 0, 0, 0, 0, 0, 0, 2, 325
"/mnt/popOS/home/harpop/Projects/Projetos Back-End/sd-022-b-trybe-futebol-clube/__tests__/entities/matches/onlyInProgress.js", "JavaScript", 0, 0, 67, 0, 0, 0, 0, 0, 0, 0, 0, 0, 0, 0, 0, 2, 69
"/mnt/popOS/home/harpop/Projects/Projetos Back-End/sd-022-b-trybe-futebol-clube/__tests__/expected_results/matches.js", "JavaScript", 0, 0, 323, 0, 0, 0, 0, 0, 0, 0, 0, 0, 0, 0, 0, 2, 325
"/mnt/popOS/home/harpop/Projects/Projetos Back-End/sd-022-b-trybe-futebol-clube/__tests__/expected_results/teams.js", "JavaScript", 0, 0, 19, 0, 0, 0, 0, 0, 0, 0, 0, 0, 0, 0, 0, 2, 21
"/mnt/popOS/home/harpop/Projects/Projetos Back-End/sd-022-b-trybe-futebol-clube/__tests__/expected_results/trybe_football_club.js", "JavaScript", 0, 0, 412, 0, 0, 0, 0, 0, 0, 0, 0, 0, 0, 0, 0, 2, 414
"/mnt/popOS/home/harpop/Projects/Projetos Back-End/sd-022-b-trybe-futebol-clube/__tests__/utils/commands.js", "JavaScript", 0, 0, 31, 0, 0, 0, 0, 0, 0, 0, 0, 0, 0, 0, 0, 4, 35
"/mnt/popOS/home/harpop/Projects/Projetos Back-End/sd-022-b-trybe-futebol-clube/__tests__/utils/configSequelize.js", "JavaScript", 0, 0, 11, 0, 0, 0, 0, 0, 0, 0, 0, 0, 0, 0, 0, 1, 12
"/mnt/popOS/home/harpop/Projects/Projetos Back-End/sd-022-b-trybe-futebol-clube/__tests__/utils/dataTestIds.js", "JavaScript", 0, 0, 73, 0, 0, 0, 0, 0, 0, 0, 0, 0, 0, 0, 0, 1, 74
"/mnt/popOS/home/harpop/Projects/Projetos Back-End/sd-022-b-trybe-futebol-clube/__tests__/utils/inserts.js", "JavaScript", 0, 0, 59, 0, 0, 0, 0, 0, 0, 0, 0, 0, 0, 0, 12, 20, 91
"/mnt/popOS/home/harpop/Projects/Projetos Back-End/sd-022-b-trybe-futebol-clube/__tests__/utils/logInto.js", "JavaScript", 0, 0, 30, 0, 0, 0, 0, 0, 0, 0, 0, 0, 0, 0, 0, 16, 46
"/mnt/popOS/home/harpop/Projects/Projetos Back-End/sd-022-b-trybe-futebol-clube/__tests__/utils/query.js", "JavaScript", 0, 0, 17, 0, 0, 0, 0, 0, 0, 0, 0, 0, 0, 0, 0, 1, 18
"/mnt/popOS/home/harpop/Projects/Projetos Back-End/sd-022-b-trybe-futebol-clube/__tests__/utils/testCoverage.js", "JavaScript", 0, 0, 21, 0, 0, 0, 0, 0, 0, 0, 0, 0, 0, 0, 0, 7, 28
"/mnt/popOS/home/harpop/Projects/Projetos Back-End/sd-022-b-trybe-futebol-clube/__tests__/utils/urls.js", "JavaScript", 0, 0, 11, 0, 0, 0, 0, 0, 0, 0, 0, 0, 0, 0, 0, 3, 14
"/mnt/popOS/home/harpop/Projects/Projetos Back-End/sd-022-b-trybe-futebol-clube/__tests__/utils/users.js", "JavaScript", 0, 0, 34, 0, 0, 0, 0, 0, 0, 0, 0, 0, 0, 0, 0, 1, 35
"/mnt/popOS/home/harpop/Projects/Projetos Back-End/sd-022-b-trybe-futebol-clube/__tests__/utils/util.js", "JavaScript", 0, 0, 86, 0, 0, 0, 0, 0, 0, 0, 0, 0, 0, 0, 2, 24, 112
"/mnt/popOS/home/harpop/Projects/Projetos Back-End/sd-022-b-trybe-futebol-clube/__tests__/utils/validateLeaderboard.js", "JavaScript", 0, 0, 75, 0, 0, 0, 0, 0, 0, 0, 0, 0, 0, 0, 0, 16, 91
"/mnt/popOS/home/harpop/Projects/Projetos Back-End/sd-022-b-trybe-futebol-clube/__tests__/utils/validateMatches.js", "JavaScript", 0, 0, 39, 0, 0, 0, 0, 0, 0, 0, 0, 0, 0, 0, 0, 11, 50
"/mnt/popOS/home/harpop/Projects/Projetos Back-End/sd-022-b-trybe-futebol-clube/__tests__/utils/waitForResponse.js", "JavaScript", 0, 0, 77, 0, 0, 0, 0, 0, 0, 0, 0, 0, 0, 0, 0, 10, 87
"/mnt/popOS/home/harpop/Projects/Projetos Back-End/sd-022-b-trybe-futebol-clube/app/backend/.dockerignore", "Ignore", 0, 0, 0, 0, 0, 0, 0, 0, 4, 0, 0, 0, 0, 0, 0, 1, 5
"/mnt/popOS/home/harpop/Projects/Projetos Back-End/sd-022-b-trybe-futebol-clube/app/backend/.eslintrc.json", "JSON with Comments", 0, 0, 0, 0, 0, 0, 0, 148, 0, 0, 0, 0, 0, 0, 0, 0, 148
"/mnt/popOS/home/harpop/Projects/Projetos Back-End/sd-022-b-trybe-futebol-clube/app/backend/Dockerfile", "Docker", 0, 0, 0, 0, 0, 0, 7, 0, 0, 0, 0, 0, 0, 0, 0, 0, 7
"/mnt/popOS/home/harpop/Projects/Projetos Back-End/sd-022-b-trybe-futebol-clube/app/backend/nyc.config.js", "JavaScript", 0, 0, 11, 0, 0, 0, 0, 0, 0, 0, 0, 0, 0, 0, 0, 1, 12
"/mnt/popOS/home/harpop/Projects/Projetos Back-End/sd-022-b-trybe-futebol-clube/app/backend/package-lock.json", "JSON", 0, 0, 0, 0, 0, 16903, 0, 0, 0, 0, 0, 0, 0, 0, 0, 1, 16904
"/mnt/popOS/home/harpop/Projects/Projetos Back-End/sd-022-b-trybe-futebol-clube/app/backend/package.json", "JSON", 0, 0, 0, 0, 0, 8, 0, 0, 0, 0, 0, 0, 0, 0, 58, 0, 66
"/mnt/popOS/home/harpop/Projects/Projetos Back-End/sd-022-b-trybe-futebol-clube/app/backend/src/app.ts", "TypeScript", 0, 0, 0, 0, 0, 0, 0, 0, 0, 25, 0, 0, 0, 0, 1, 9, 35
"/mnt/popOS/home/harpop/Projects/Projetos Back-End/sd-022-b-trybe-futebol-clube/app/backend/src/database/config/database.ts", "TypeScript", 0, 0, 0, 0, 0, 0, 0, 0, 0, 15, 0, 0, 0, 0, 0, 3, 18
"/mnt/popOS/home/harpop/Projects/Projetos Back-End/sd-022-b-trybe-futebol-clube/app/backend/src/database/controller/login.controller.ts", "TypeScript", 0, 0, 0, 0, 0, 0, 0, 0, 0, 11, 0, 0, 0, 0, 0, 3, 14
"/mnt/popOS/home/harpop/Projects/Projetos Back-End/sd-022-b-trybe-futebol-clube/app/backend/src/database/controller/matches.controller.ts", "TypeScript", 0, 0, 0, 0, 0, 0, 0, 0, 0, 31, 0, 0, 0, 0, 0, 6, 37
"/mnt/popOS/home/harpop/Projects/Projetos Back-End/sd-022-b-trybe-futebol-clube/app/backend/src/database/controller/teams.controller.ts", "TypeScript", 0, 0, 0, 0, 0, 0, 0, 0, 0, 18, 0, 0, 0, 0, 0, 5, 23
"/mnt/popOS/home/harpop/Projects/Projetos Back-End/sd-022-b-trybe-futebol-clube/app/backend/src/database/interfaces/login/Ilogin.ts", "TypeScript", 0, 0, 0, 0, 0, 0, 0, 0, 0, 7, 0, 0, 0, 0, 0, 1, 8
"/mnt/popOS/home/harpop/Projects/Projetos Back-End/sd-022-b-trybe-futebol-clube/app/backend/src/database/interfaces/matches/IMatch.ts", "TypeScript", 0, 0, 0, 0, 0, 0, 0, 0, 0, 8, 0, 0, 0, 0, 0, 1, 9
"/mnt/popOS/home/harpop/Projects/Projetos Back-End/sd-022-b-trybe-futebol-clube/app/backend/src/database/middlewares/match.validations.ts", "TypeScript", 0, 0, 0, 0, 0, 0, 0, 0, 0, 11, 0, 0, 0, 0, 0, 5, 16
"/mnt/popOS/home/harpop/Projects/Projetos Back-End/sd-022-b-trybe-futebol-clube/app/backend/src/database/middlewares/token.check.ts", "TypeScript", 0, 0, 0, 0, 0, 0, 0, 0, 0, 11, 0, 0, 0, 0, 0, 4, 15
"/mnt/popOS/home/harpop/Projects/Projetos Back-End/sd-022-b-trybe-futebol-clube/app/backend/src/database/middlewares/validations.ts", "TypeScript", 0, 0, 0, 0, 0, 0, 0, 0, 0, 5, 0, 0, 0, 0, 0, 3, 8
"/mnt/popOS/home/harpop/Projects/Projetos Back-End/sd-022-b-trybe-futebol-clube/app/backend/src/database/migrations/20221123205009-create-users-table.js", "JavaScript", 0, 0, 32, 0, 0, 0, 0, 0, 0, 0, 0, 0, 0, 0, 0, 3, 35
"/mnt/popOS/home/harpop/Projects/Projetos Back-End/sd-022-b-trybe-futebol-clube/app/backend/src/database/migrations/20221123205112-create-teams-table.js", "JavaScript", 0, 0, 21, 0, 0, 0, 0, 0, 0, 0, 0, 0, 0, 0, 0, 2, 23
"/mnt/popOS/home/harpop/Projects/Projetos Back-End/sd-022-b-trybe-futebol-clube/app/backend/src/database/migrations/20221123205153-create-matches-table.js", "JavaScript", 0, 0, 54, 0, 0, 0, 0, 0, 0, 0, 0, 0, 0, 0, 0, 3, 57
"/mnt/popOS/home/harpop/Projects/Projetos Back-End/sd-022-b-trybe-futebol-clube/app/backend/src/database/migrations/99999999999999-create-z.js", "JavaScript", 0, 0, 13, 0, 0, 0, 0, 0, 0, 0, 0, 0, 0, 0, 0, 1, 14
"/mnt/popOS/home/harpop/Projects/Projetos Back-End/sd-022-b-trybe-futebol-clube/app/backend/src/database/models/ExampleModel.ts", "TypeScript", 0, 0, 0, 0, 0, 0, 0, 0, 0, 11, 0, 0, 0, 0, 13, 7, 31
"/mnt/popOS/home/harpop/Projects/Projetos Back-End/sd-022-b-trybe-futebol-clube/app/backend/src/database/models/Matches.ts", "TypeScript", 0, 0, 0, 0, 0, 0, 0, 0, 0, 61, 0, 0, 0, 0, 1, 6, 68
"/mnt/popOS/home/harpop/Projects/Projetos Back-End/sd-022-b-trybe-futebol-clube/app/backend/src/database/models/Teams.ts", "TypeScript", 0, 0, 0, 0, 0, 0, 0, 0, 0, 25, 0, 0, 0, 0, 1, 4, 30
"/mnt/popOS/home/harpop/Projects/Projetos Back-End/sd-022-b-trybe-futebol-clube/app/backend/src/database/models/User.ts", "TypeScript", 0, 0, 0, 0, 0, 0, 0, 0, 0, 39, 0, 0, 0, 0, 2, 4, 45
"/mnt/popOS/home/harpop/Projects/Projetos Back-End/sd-022-b-trybe-futebol-clube/app/backend/src/database/models/index.ts", "TypeScript", 0, 0, 0, 0, 0, 0, 0, 0, 0, 4, 0, 0, 0, 0, 0, 3, 7
"/mnt/popOS/home/harpop/Projects/Projetos Back-End/sd-022-b-trybe-futebol-clube/app/backend/src/database/routes/login.router.ts", "TypeScript", 0, 0, 0, 0, 0, 0, 0, 0, 0, 8, 0, 0, 0, 0, 0, 5, 13
"/mnt/popOS/home/harpop/Projects/Projetos Back-End/sd-022-b-trybe-futebol-clube/app/backend/src/database/routes/matches.router.ts", "TypeScript", 0, 0, 0, 0, 0, 0, 0, 0, 0, 10, 0, 0, 0, 0, 0, 4, 14
"/mnt/popOS/home/harpop/Projects/Projetos Back-End/sd-022-b-trybe-futebol-clube/app/backend/src/database/routes/routes.ts", "TypeScript", 0, 0, 0, 0, 0, 0, 0, 0, 0, 9, 0, 0, 0, 0, 0, 4, 13
"/mnt/popOS/home/harpop/Projects/Projetos Back-End/sd-022-b-trybe-futebol-clube/app/backend/src/database/routes/teams.router.ts", "TypeScript", 0, 0, 0, 0, 0, 0, 0, 0, 0, 6, 0, 0, 0, 0, 0, 4, 10
"/mnt/popOS/home/harpop/Projects/Projetos Back-End/sd-022-b-trybe-futebol-clube/app/backend/src/database/seeders/20211116145440-teams.js", "JavaScript", 0, 0, 61, 0, 0, 0, 0, 0, 0, 0, 0, 0, 0, 0, 0, 2, 63
"/mnt/popOS/home/harpop/Projects/Projetos Back-End/sd-022-b-trybe-futebol-clube/app/backend/src/database/seeders/20211116145458-matches.js", "JavaScript", 0, 0, 349, 0, 0, 0, 0, 0, 0, 0, 0, 0, 0, 0, 0, 2, 351
"/mnt/popOS/home/harpop/Projects/Projetos Back-End/sd-022-b-trybe-futebol-clube/app/backend/src/database/seeders/20211205212238-user.js", "JavaScript", 0, 0, 21, 0, 0, 0, 0, 0, 0, 0, 0, 0, 0, 0, 2, 2, 25
"/mnt/popOS/home/harpop/Projects/Projetos Back-End/sd-022-b-trybe-futebol-clube/app/backend/src/database/service/login.service.ts", "TypeScript", 0, 0, 0, 0, 0, 0, 0, 0, 0, 20, 0, 0, 0, 0, 0, 7, 27
"/mnt/popOS/home/harpop/Projects/Projetos Back-End/sd-022-b-trybe-futebol-clube/app/backend/src/database/service/matches.service.ts", "TypeScript", 0, 0, 0, 0, 0, 0, 0, 0, 0, 61, 0, 0, 0, 0, 0, 10, 71
"/mnt/popOS/home/harpop/Projects/Projetos Back-End/sd-022-b-trybe-futebol-clube/app/backend/src/database/service/teams.service.ts", "TypeScript", 0, 0, 0, 0, 0, 0, 0, 0, 0, 15, 0, 0, 0, 0, 0, 7, 22
"/mnt/popOS/home/harpop/Projects/Projetos Back-End/sd-022-b-trybe-futebol-clube/app/backend/src/database/validations/login.schema.ts", "TypeScript", 0, 0, 0, 0, 0, 0, 0, 0, 0, 15, 0, 0, 0, 0, 0, 4, 19
"/mnt/popOS/home/harpop/Projects/Projetos Back-End/sd-022-b-trybe-futebol-clube/app/backend/src/server.ts", "TypeScript", 0, 0, 0, 0, 0, 0, 0, 0, 0, 4, 0, 0, 0, 0, 0, 3, 7
"/mnt/popOS/home/harpop/Projects/Projetos Back-End/sd-022-b-trybe-futebol-clube/app/backend/src/tests/change.me.test.ts", "TypeScript", 0, 0, 0, 0, 0, 0, 0, 0, 0, 14, 0, 0, 0, 0, 21, 13, 48
"/mnt/popOS/home/harpop/Projects/Projetos Back-End/sd-022-b-trybe-futebol-clube/app/backend/tsc_eval.sh", "Shell Script", 5, 0, 0, 0, 0, 0, 0, 0, 0, 0, 0, 0, 0, 0, 1, 3, 9
"/mnt/popOS/home/harpop/Projects/Projetos Back-End/sd-022-b-trybe-futebol-clube/app/backend/tsconfig.json", "JSON with Comments", 0, 0, 0, 0, 0, 0, 0, 20, 0, 0, 0, 0, 0, 0, 2, 0, 22
"/mnt/popOS/home/harpop/Projects/Projetos Back-End/sd-022-b-trybe-futebol-clube/app/docker-compose.dev.yml", "YAML", 0, 52, 0, 0, 0, 0, 0, 0, 0, 0, 0, 0, 0, 0, 4, 1, 57
"/mnt/popOS/home/harpop/Projects/Projetos Back-End/sd-022-b-trybe-futebol-clube/app/docker-compose.yml", "YAML", 0, 51, 0, 0, 0, 0, 0, 0, 0, 0, 0, 0, 0, 0, 4, 1, 56
"/mnt/popOS/home/harpop/Projects/Projetos Back-End/sd-022-b-trybe-futebol-clube/app/frontend/.dockerignore", "Ignore", 0, 0, 0, 0, 0, 0, 0, 0, 1, 0, 0, 0, 0, 0, 0, 1, 2
"/mnt/popOS/home/harpop/Projects/Projetos Back-End/sd-022-b-trybe-futebol-clube/app/frontend/.env", "Properties", 0, 0, 0, 0, 0, 0, 0, 0, 0, 0, 0, 1, 0, 0, 0, 1, 2
"/mnt/popOS/home/harpop/Projects/Projetos Back-End/sd-022-b-trybe-futebol-clube/app/frontend/Dockerfile", "Docker", 0, 0, 0, 0, 0, 0, 5, 0, 0, 0, 0, 0, 0, 0, 0, 0, 5
"/mnt/popOS/home/harpop/Projects/Projetos Back-End/sd-022-b-trybe-futebol-clube/app/frontend/package-lock.json", "JSON", 0, 0, 0, 0, 0, 38551, 0, 0, 0, 0, 0, 0, 0, 0, 0, 1, 38552
"/mnt/popOS/home/harpop/Projects/Projetos Back-End/sd-022-b-trybe-futebol-clube/app/frontend/package.json", "JSON", 0, 0, 0, 0, 0, 48, 0, 0, 0, 0, 0, 0, 0, 0, 0, 1, 49
"/mnt/popOS/home/harpop/Projects/Projetos Back-End/sd-022-b-trybe-futebol-clube/app/frontend/public/index.html", "HTML", 0, 0, 0, 0, 0, 0, 0, 0, 0, 0, 0, 0, 19, 0, 19, 1, 39
"/mnt/popOS/home/harpop/Projects/Projetos Back-End/sd-022-b-trybe-futebol-clube/app/frontend/src/App.js", "JavaScript", 0, 0, 19, 0, 0, 0, 0, 0, 0, 0, 0, 0, 0, 0, 0, 3, 22
"/mnt/popOS/home/harpop/Projects/Projetos Back-End/sd-022-b-trybe-futebol-clube/app/frontend/src/components/AddNewMatchBtn.jsx", "JavaScript React", 0, 0, 0, 0, 0, 0, 0, 0, 0, 0, 14, 0, 0, 0, 0, 3, 17
"/mnt/popOS/home/harpop/Projects/Projetos Back-End/sd-022-b-trybe-futebol-clube/app/frontend/src/components/CreateNewGame.jsx", "JavaScript React", 0, 0, 0, 0, 0, 0, 0, 0, 0, 0, 89, 0, 0, 0, 0, 8, 97
"/mnt/popOS/home/harpop/Projects/Projetos Back-End/sd-022-b-trybe-futebol-clube/app/frontend/src/components/EditGame.jsx", "JavaScript React", 0, 0, 0, 0, 0, 0, 0, 0, 0, 0, 86, 0, 0, 0, 0, 7, 93
"/mnt/popOS/home/harpop/Projects/Projetos Back-End/sd-022-b-trybe-futebol-clube/app/frontend/src/components/GameFilter.jsx", "JavaScript React", 0, 0, 0, 0, 0, 0, 0, 0, 0, 0, 36, 0, 0, 0, 0, 5, 41
"/mnt/popOS/home/harpop/Projects/Projetos Back-End/sd-022-b-trybe-futebol-clube/app/frontend/src/components/GamesTable.jsx", "JavaScript React", 0, 0, 0, 0, 0, 0, 0, 0, 0, 0, 153, 0, 0, 0, 0, 12, 165
"/mnt/popOS/home/harpop/Projects/Projetos Back-End/sd-022-b-trybe-futebol-clube/app/frontend/src/components/Header.jsx", "JavaScript React", 0, 0, 0, 0, 0, 0, 0, 0, 0, 0, 54, 0, 0, 0, 0, 7, 61
"/mnt/popOS/home/harpop/Projects/Projetos Back-End/sd-022-b-trybe-futebol-clube/app/frontend/src/components/LeaderboardBtn.jsx", "JavaScript React", 0, 0, 0, 0, 0, 0, 0, 0, 0, 0, 8, 0, 0, 0, 0, 3, 11
"/mnt/popOS/home/harpop/Projects/Projetos Back-End/sd-022-b-trybe-futebol-clube/app/frontend/src/components/LeaderboardTable.jsx", "JavaScript React", 0, 0, 0, 0, 0, 0, 0, 0, 0, 0, 148, 0, 0, 0, 0, 9, 157
"/mnt/popOS/home/harpop/Projects/Projetos Back-End/sd-022-b-trybe-futebol-clube/app/frontend/src/components/Loading.jsx", "JavaScript React", 0, 0, 0, 0, 0, 0, 0, 0, 0, 0, 7, 0, 0, 0, 0, 3, 10
"/mnt/popOS/home/harpop/Projects/Projetos Back-End/sd-022-b-trybe-futebol-clube/app/frontend/src/components/LoginBtn.jsx", "JavaScript React", 0, 0, 0, 0, 0, 0, 0, 0, 0, 0, 8, 0, 0, 0, 0, 3, 11
"/mnt/popOS/home/harpop/Projects/Projetos Back-End/sd-022-b-trybe-futebol-clube/app/frontend/src/components/MatchesBtn.jsx", "JavaScript React", 0, 0, 0, 0, 0, 0, 0, 0, 0, 0, 8, 0, 0, 0, 0, 3, 11
"/mnt/popOS/home/harpop/Projects/Projetos Back-End/sd-022-b-trybe-futebol-clube/app/frontend/src/components/Scoreboard.jsx", "JavaScript React", 0, 0, 0, 0, 0, 0, 0, 0, 0, 0, 32, 0, 0, 0, 0, 5, 37
"/mnt/popOS/home/harpop/Projects/Projetos Back-End/sd-022-b-trybe-futebol-clube/app/frontend/src/components/TableFilter.jsx", "JavaScript React", 0, 0, 0, 0, 0, 0, 0, 0, 0, 0, 37, 0, 0, 0, 0, 5, 42
"/mnt/popOS/home/harpop/Projects/Projetos Back-End/sd-022-b-trybe-futebol-clube/app/frontend/src/components/TeamOption.jsx", "JavaScript React", 0, 0, 0, 0, 0, 0, 0, 0, 0, 0, 27, 0, 0, 0, 0, 4, 31
"/mnt/popOS/home/harpop/Projects/Projetos Back-End/sd-022-b-trybe-futebol-clube/app/frontend/src/images/index.js", "JavaScript", 0, 0, 5, 0, 0, 0, 0, 0, 0, 0, 0, 0, 0, 0, 0, 1, 6
"/mnt/popOS/home/harpop/Projects/Projetos Back-End/sd-022-b-trybe-futebol-clube/app/frontend/src/index.js", "JavaScript", 0, 0, 12, 0, 0, 0, 0, 0, 0, 0, 0, 0, 0, 0, 0, 2, 14
"/mnt/popOS/home/harpop/Projects/Projetos Back-End/sd-022-b-trybe-futebol-clube/app/frontend/src/pages/Games.jsx", "JavaScript React", 0, 0, 0, 0, 0, 0, 0, 0, 0, 0, 45, 0, 0, 0, 0, 6, 51
"/mnt/popOS/home/harpop/Projects/Projetos Back-End/sd-022-b-trybe-futebol-clube/app/frontend/src/pages/Leaderboard.jsx", "JavaScript React", 0, 0, 0, 0, 0, 0, 0, 0, 0, 0, 37, 0, 0, 0, 0, 5, 42
"/mnt/popOS/home/harpop/Projects/Projetos Back-End/sd-022-b-trybe-futebol-clube/app/frontend/src/pages/Login.jsx", "JavaScript React", 0, 0, 0, 0, 0, 0, 0, 0, 0, 0, 86, 0, 0, 0, 0, 12, 98
"/mnt/popOS/home/harpop/Projects/Projetos Back-End/sd-022-b-trybe-futebol-clube/app/frontend/src/pages/MatchSettings.jsx", "JavaScript React", 0, 0, 0, 0, 0, 0, 0, 0, 0, 0, 111, 0, 0, 0, 0, 17, 128
"/mnt/popOS/home/harpop/Projects/Projetos Back-End/sd-022-b-trybe-futebol-clube/app/frontend/src/services/requests.js", "JavaScript", 0, 0, 16, 0, 0, 0, 0, 0, 0, 0, 0, 0, 0, 0, 0, 6, 22
"/mnt/popOS/home/harpop/Projects/Projetos Back-End/sd-022-b-trybe-futebol-clube/app/frontend/src/styles/app.css", "CSS", 0, 0, 0, 0, 0, 0, 0, 0, 0, 0, 0, 0, 0, 8, 0, 2, 10
"/mnt/popOS/home/harpop/Projects/Projetos Back-End/sd-022-b-trybe-futebol-clube/app/frontend/src/styles/components/header.css", "CSS", 0, 0, 0, 0, 0, 0, 0, 0, 0, 0, 0, 0, 0, 82, 0, 9, 91
"/mnt/popOS/home/harpop/Projects/Projetos Back-End/sd-022-b-trybe-futebol-clube/app/frontend/src/styles/components/leaderboardTable.css", "CSS", 0, 0, 0, 0, 0, 0, 0, 0, 0, 0, 0, 0, 0, 94, 0, 10, 104
"/mnt/popOS/home/harpop/Projects/Projetos Back-End/sd-022-b-trybe-futebol-clube/app/frontend/src/styles/pages/games.css", "CSS", 0, 0, 0, 0, 0, 0, 0, 0, 0, 0, 0, 0, 0, 177, 0, 25, 202
"/mnt/popOS/home/harpop/Projects/Projetos Back-End/sd-022-b-trybe-futebol-clube/app/frontend/src/styles/pages/leaderboard.css", "CSS", 0, 0, 0, 0, 0, 0, 0, 0, 0, 0, 0, 0, 0, 44, 0, 5, 49
"/mnt/popOS/home/harpop/Projects/Projetos Back-End/sd-022-b-trybe-futebol-clube/app/frontend/src/styles/pages/login.css", "CSS", 0, 0, 0, 0, 0, 0, 0, 0, 0, 0, 0, 0, 0, 78, 0, 9, 87
"/mnt/popOS/home/harpop/Projects/Projetos Back-End/sd-022-b-trybe-futebol-clube/app/frontend/src/styles/pages/matchSettings.css", "CSS", 0, 0, 0, 0, 0, 0, 0, 0, 0, 0, 0, 0, 0, 101, 0, 17, 118
"/mnt/popOS/home/harpop/Projects/Projetos Back-End/sd-022-b-trybe-futebol-clube/apps_install.sh", "Shell Script", 10, 0, 0, 0, 0, 0, 0, 0, 0, 0, 0, 0, 0, 0, 1, 3, 14
"/mnt/popOS/home/harpop/Projects/Projetos Back-End/sd-022-b-trybe-futebol-clube/data-testid.md", "Markdown", 0, 0, 0, 0, 51, 0, 0, 0, 0, 0, 0, 0, 0, 0, 0, 11, 62
"/mnt/popOS/home/harpop/Projects/Projetos Back-End/sd-022-b-trybe-futebol-clube/db.example.sql", "SQL", 0, 0, 0, 51, 0, 0, 0, 0, 0, 0, 0, 0, 0, 0, 18, 18, 87
"/mnt/popOS/home/harpop/Projects/Projetos Back-End/sd-022-b-trybe-futebol-clube/dockerfile_denylist.sh", "Shell Script", 32, 0, 0, 0, 0, 0, 0, 0, 0, 0, 0, 0, 0, 0, 1, 6, 39
"/mnt/popOS/home/harpop/Projects/Projetos Back-End/sd-022-b-trybe-futebol-clube/jest.config.js", "JavaScript", 0, 0, 4, 0, 0, 0, 0, 0, 0, 0, 0, 0, 0, 0, 4, 0, 8
"/mnt/popOS/home/harpop/Projects/Projetos Back-End/sd-022-b-trybe-futebol-clube/package-lock.json", "JSON", 0, 0, 0, 0, 0, 17891, 0, 0, 0, 0, 0, 0, 0, 0, 0, 1, 17892
"/mnt/popOS/home/harpop/Projects/Projetos Back-End/sd-022-b-trybe-futebol-clube/package.json", "JSON", 0, 0, 0, 0, 0, 40, 0, 0, 0, 0, 0, 0, 0, 0, 0, 1, 41
"/mnt/popOS/home/harpop/Projects/Projetos Back-End/sd-022-b-trybe-futebol-clube/pull_request_template.md", "Markdown", 0, 0, 0, 0, 36, 0, 0, 0, 0, 0, 0, 0, 0, 0, 0, 13, 49
"/mnt/popOS/home/harpop/Projects/Projetos Back-End/sd-022-b-trybe-futebol-clube/trybe.yml", "YAML", 0, 22, 0, 0, 0, 0, 0, 0, 0, 0, 0, 0, 0, 0, 0, 1, 23
"Total", "-", 47, 225, 5032, 51, 2248, 73725, 12, 168, 5, 444, 986, 1, 19, 584, 167, 1160, 84874